<?xml version='1.0' encoding='UTF-8'?>
<rp:ObjectSet xmlns:rp="http://www.soasta.com/services/repository">
  <Object created="2012-11-19T21:51:22.870-08:00" id="22663605" lastModified="2012-11-19T21:53:09.082-08:00" type="composition" schemaVersion="2555" name="CM_SimpleTest" path="/compositions/Robert/test_1119">
    <Body>
      <Composition xmlns="http://www.soasta.com/services/repository">
        <Bands xmlns="http://www.soasta.com/services/repository">
          <Band name="Band 1" scope="private" slotCount="1" type="sequenced" xmlns="http://www.soasta.com/services/repository">
            <Description xmlns="http://www.soasta.com/services/repository" />
          </Band>
        </Bands>
        <Tracks xmlns="http://www.soasta.com/services/repository">
          <Track enabled="1" name="Track 1" scope="private" xmlns="http://www.soasta.com/services/repository">
            <Bands xmlns="http://www.soasta.com/services/repository">
              <Band name="Band 1" xmlns="http://www.soasta.com/services/repository">
                <Clips xmlns="http://www.soasta.com/services/repository">
                  <Clip displayWidth="1" enabled="1" endSlot="0" failure-action="record-only" name="CM_SimpleTest.CLIP" ref="1" scope="private" startSlot="0" xmlns="http://www.soasta.com/services/repository">
                    <PropSets xmlns="http://www.soasta.com/services/repository" />
                  </Clip>
                </Clips>
              </Band>
            </Bands>
            <Distributions xmlns="http://www.soasta.com/services/repository">
              <Distribution xmlns="http://www.soasta.com/services/repository">
                <Places xmlns="http://www.soasta.com/services/repository">
                  <Place type="AnyServer" xmlns="http://www.soasta.com/services/repository" />
                </Places>
              </Distribution>
            </Distributions>
          </Track>
        </Tracks>
        <Monitoring deviceAgentMonitoring="true" xmlns="http://www.soasta.com/services/repository" />
      </Composition>
    </Body>
    <BinaryData />
    <Description />
    <Attributes>
      <Attribute name="lastPlayed">
        <Value>2012-11-19T21:51:26.509-08:00</Value>
      </Attribute>
      <Attribute name="successfulPlayCount">
        <Value>0</Value>
      </Attribute>
      <Attribute name="unsuccessfulPlayCount">
        <Value>1</Value>
      </Attribute>
      <Attribute name="stoppedPlayCount">
        <Value>0</Value>
      </Attribute>
      <Attribute name="userData">
        <Value null="true" />
      </Attribute>
    </Attributes>
    <References>
      <Reference id="22663599" internalID="1" name="CM_SimpleTest.CLIP" path="/clips/Robert/test_1119" type="messageclip" />
      <Reference id="10590" internalID="2" name="Result Details Dashboard" path="/System Objects/Dashboards" type="dashboard" />
    </References>
    <TipText />
  </Object>
</rp:ObjectSet>